# source: OSM/Overpass, 2026-09-11, license ODbL
51.2939556	7.2422835		30	
51.2945763	9.1892504		50	
51.2949494	6.8734036	110		
51.2949501	9.1900087		50	
51.2952124	7.3068811		50	
51.2959168	7.2421569		50	
51.2978036	7.2031191		50	
51.2984522	6.8336271	85	50	
51.3027097	9.5166538	10	50	
51.3029215	9.5169497	190	50	
51.3071875	7.2112271		50	
51.3072298	6.9485522		30	
51.3081489	8.9059123	20	50	
51.3081724	8.9059089		50	
51.3082839	6.9503697			
51.3093905	9.5857440		50	Blitzer
51.3101044	6.8558127	40	70	
51.3105015	7.5294229			
51.3117096	9.4797426			
51.3119296	9.4802359			
51.3126019	9.5785840	255	50	
51.3126026	9.5783895	80	50	
51.3127854	6.8336855	170	50	
51.3136000	9.4993861		50	
51.3141036	7.2669909			
51.3141772	7.2651409		70	
51.3146786	7.2784873	1	50	
51.3178694	6.3867040		50	
51.3183944	6.4784021	250	50	
51.3186731	6.7112869			Blitzer
51.3198119	8.1628779		50	
51.3202090	7.6447840		70	
51.3224840	9.5580794		50	
51.3225116	9.5588034		50	
51.3240697	9.9136113		60	
51.3240838	7.4622329		50	
51.3260686	9.5551290	180	50	
51.3272800	7.5181042	200	50	
51.3288340	7.5183967	30	50	
51.3297613	7.0001009		50	
51.3312338	7.0031039			
51.3318871	6.9819211	100	50	
51.3319452	7.0655632			
51.3330081	7.0294132			
51.3355134	6.3717492		50	
51.3359969	6.5708296	340	50	
51.3368020	8.9666556		50	
51.3380415	7.4281520			
51.3388206	7.0977945		30	
51.3390934	8.2871437		50	
51.3399560	7.7077300		60	
51.3400601	7.3840605			
51.3412362	6.6167780		50	
51.3424206	9.3483202	270	50	
51.3425181	9.3485261	95	50	
51.3442424	7.4902205	240	30	
51.3448616	7.4148996		50	
51.3475157	7.4823402			
51.3475794	8.4904520			
51.3476650	7.4819620		30	
51.3482131	9.8491290	0	80	
51.3482457	8.4905078			
51.3482766	7.5256694	100	50	
51.3501146	9.4700843		60	
51.3503293	9.8721270			
51.3508997	9.4697067		60	
51.3512453	8.3360794		50	
51.3533553	7.5447692	40	60	
51.3552330	7.2763125	150	70	
51.3573705	7.2713746	348	70	
51.3574598	6.6952206	120	70	
51.3590053	7.4487051			
51.3594205	7.9870381		50	
51.3600300	7.4776201		30	Märkischer Ring
51.3623718	9.5650801	80	50	
51.3626619	7.4720109			
51.3640609	9.5239114	110	50	
51.3660888	6.4164660		50	
51.3675165	7.6276990	195	70	
51.3684564	7.6677242	60	50	
51.3690102	7.4589687		50	
51.3693539	7.4636919	190	30	
51.3699323	7.4634576	0	30	
51.3704377	7.4897947			
51.3709585	7.4918787			
51.3732803	7.4669348			
51.3737017	9.6155576			Blitzer
51.3769108	8.0694904		50	
51.3796637	7.0755683			
51.3799762	7.4604458		30	
51.3811204	7.4542844			
51.3814427	6.9785430	260	50	
51.3814926	7.4498950			
51.3816382	7.4704347			
51.3856286	9.5230520	330	50	Blitzer
51.3887142	7.5229428	215	50	
51.3894396	7.8471349			
51.3909935	7.4708614	150		
51.3919433	7.4801260	200	50	
51.3957049	9.7647529			
51.3989573	6.9913461	320	60	
51.4021611	9.7080634	250	100	
51.4021898	9.7081312	250	100	
51.4022330	9.7077941	225	100	
51.4022595	9.7078549	225	100	
51.4022895	9.7079345	225	100	
51.4023203	9.7079995	225	100	
51.4033813	6.3553627		70	
51.4058804	7.3540752		50	
51.4084212	7.5460558	230	50	
51.4085191	7.4341408		50	
51.4103936	7.1772022		50	
51.4119190	6.3355361	65	70	
51.4144374	7.5861561			
51.4167995	6.3417651		70	
51.4193802	7.0609253			
51.4207650	7.1463500	250	30	
51.4214930	7.1476107	150	30	
51.4310281	6.9278221	270		
51.4310286	6.8506366	130	50	
51.4313523	6.8783697	270	50	
51.4314333	6.8783545	270	50	
51.4322877	6.4354959	105	50	
51.4330815	7.6036908		50	
51.4343944	6.5460464		70	
51.4385681	6.4858947		50	
51.4421752	6.4813589		50	
51.4437117	6.4197036	30	50	
51.4447012	7.0063780	205		
51.4462944	6.9973663		60	
51.4464469	9.2487273	140	70	
51.4465243	9.2485383		70	
51.4485236	9.2448878		70	
51.4485820	9.2448231	340	70	
51.4490061	6.4814227		50	
51.4508601	6.8815386		50	
51.4548030	7.0170860	190	50	
51.4568487	9.8639638		60	
51.4609951	8.6305480		50	
51.4623985	7.0613683	250		
51.4631976	7.1504599			
51.4634969	7.2319417	120	60	
51.4635186	7.0637329	230		
51.4639667	7.0648576	60		
51.4640630	7.8255415	70		
51.4650252	7.8274245	230		
51.4656467	7.9008907		50	
51.4671720	7.7704408		50	
51.4695000	7.8683670		50	
51.4729942	7.1299768	255	50	
51.4731098	7.1298892	175		
51.4760513	7.1894160		30	
51.4771226	7.4526860	120	50	
51.4773384	7.7081176		50	
51.4791671	8.3358024			
51.4816264	8.4130968		70	
51.4872211	7.2117646	225	50	
51.4877691	6.8628552		50	
51.4880228	6.8631844		50	
51.4882465	6.5859701	150	70	
51.4889415	10.0514601			
51.4889971	7.0980648		70	
51.4897453	6.5790565	40	80	
51.4897619	6.5791078	40	80	
51.4898511	6.5789391	80	80	
51.4898767	6.5790138	80	80	
51.4911272	6.8867764		50	
51.4933230	8.9042104	260	50	
51.4935862	6.8621655	210	60	
51.4947446	6.7714312	320		
51.4948357	6.7718466	150		
51.4976511	7.4532034	290	50	
51.4988713	6.8643632	15	60	
51.5002359	7.4679844	180	30	
51.5012420	7.6544150		50	
51.5020124	7.2589736	10	60	
51.5039199	7.5073091			
51.5040913	8.0115162		70	
51.5067536	9.9617373			
51.5097388	7.4667187	285	50	
51.5102763	7.1010342		50	
51.5116343	7.4591131	320	50	
51.5117803	7.2103983	170	30	
51.5119716	7.4725726	220	50	
51.5121599	7.0723390		50	
51.5124219	9.9453220		30	
51.5136004	9.9397240	0		
51.5138842	9.9395960	20	50	
51.5140470	9.9398460	204		
51.5156640	10.2508885	260	50	
51.5157588	10.2506159	120	50	
51.5162551	7.1067048		50	
51.5164934	7.4586204	270	50	
51.5165220	6.8562992		50	
51.5171390	7.0925989		50	
51.5175440	6.8569719		50	
51.5201491	8.3299618	355	70	
51.5203004	9.9408741	345		
51.5205714	9.9406240	10		
51.5206975	6.9311673		50	
51.5207293	6.9313990		50	
51.5207366	9.9408396	190		
51.5209830	9.9405729	165		
51.5213309	7.0898454	350	50	
51.5217769	9.8657723			
51.5221464	9.9502421		50	
51.5226511	9.9499270		50	
51.5233594	7.1555751		50	
51.5235307	7.4843074	285	30	
51.5237037	7.4847868	110	30	
51.5256384	9.8807399			
51.5261619	8.4565577	185	70	
51.5272977	6.9899059	10	70	
51.5275162	6.9902532	190	70	
51.5294566	9.9312777	300	50	
51.5296035	9.9310658	100	50	
51.5299642	9.9182489			
51.5300504	6.9293218	25	50	
51.5302717	6.9294537	215	50	
51.5303192	9.9182276			
51.5327442	8.3216547	350	70	
51.5350412	9.9157070			
51.5351240	9.9130835			
51.5354983	9.9153379			
51.5357508	7.6812788	15	50	
51.5357559	7.6814749	350	50	
51.5374679	7.3184916			
51.5382450	6.8713589	300	50	
51.5393676	6.8690078	125	50	
51.5401576	7.8106914		70	
51.5426603	7.9221518	270	70	
51.5453597	7.0152640		50	
51.5459133	9.9152130		30	
51.5502163	7.0791703	350		
51.5548279	9.9198826	340		
51.5550940	9.9195734	25		
51.5551712	9.9199538	200		
51.5552510	10.0050260		60	
51.5562562	9.9392282			
51.5563777	9.9389190			
51.5569027	9.9316352	15		
51.5578538	7.0594513		70	
51.5588487	7.2616234			
51.5601357	7.1481253			
51.5625419	9.4168442		50	
51.5625970	9.4166002		50	
51.5634170	6.4872746		50	
51.5635779	6.4878640		70	
51.5645324	7.3150340	195	50	
51.5658521	7.1466869		50	
51.5684189	6.4991943		70	
51.5709253	10.7044601		30	
51.5719894	9.2513915	180	70	
51.5736781	9.2504246	0	70	
51.5760498	6.9994081	50	50	
51.5806511	7.0796107			
51.5822819	7.3485369	165	50	
51.5840900	10.5116736		70	
51.5843615	7.7032706		50	
51.5853603	10.7853428			
51.5864360	7.0541359	95	50	
51.5875720	8.5718877	250	100	
51.5905381	6.9138988		50	
51.5920523	10.4801116	300	50	
51.5924843	8.1293389		70	
51.5974570	7.1057676		50	
51.6011073	6.7574202		50	
51.6018380	7.2680366		50	
51.6078822	6.6776083	240	50	
51.6083222	7.3933049	45	50	
51.6086308	7.1297487	85	50	
51.6086411	8.3364247	200	50	
51.6094166	10.4344020		30	
51.6096875	10.2109622	10	50	
51.6099977	10.2111432	190	50	
51.6101227	10.2108599	160		
51.6149414	6.8081496		50	
51.6155632	10.4177991			
51.6162759	10.4168276			
51.6185004	7.8231239		50	
51.6273946	10.2708630		80	
51.6292063	9.1350691			
51.6296477	7.2547762	270	50	
51.6307549	7.5846411		70	
51.6315273	7.3803085	15	50	
51.6316977	8.3413705	205	70	
51.6330715	6.4057514		70	
51.6378461	8.1043989		50	
51.6387679	9.9394291			
51.6465582	7.3030247	280	50	
51.6502910	8.0572830		50	
51.6503490	7.8299149			
51.6540258	7.8386484	5	50	
51.6542562	8.3498758			
51.6550081	10.3341624	0	50	
51.6557937	6.9763235	340	50	
51.6559502	7.2545829		50	
51.6577397	6.9820979		50	
51.6588351	10.3336503		50	
51.6626841	7.4668785		30	
51.6662220	6.9656996	350	50	
51.6666596	7.1970997	125	50	
51.6670677	7.1947431	300	50	
51.6691305	7.8214603			
51.6722905	7.8253859		50	
51.6735043	7.8294603	260	50	
51.6737523	7.2922972		50	
51.6742907	7.7811018	0	50	
51.6767411	8.8336524			
51.6779675	8.8298290			
51.6799175	8.5916573			
51.6814686	6.8428955	250	70	
51.6831291	7.8152478	260	50	
51.6831367	7.8155048		50	
51.6839491	7.8178167		50	
51.6842622	7.0206392	150	50	
51.6845939	7.8199702		50	
51.6865632	7.8119948		50	
51.6865742	7.8120911		50	
51.6905939	7.8091319		50	
51.6946442	7.6645109		70	
51.6953050	6.5531810		70	
51.6970014	7.9508717		50	
51.6985595	9.1699669	210	70	
51.7003488	9.1776154	80	70	
51.7010911	8.7820821		50	
51.7018749	8.7810957		50	
51.7031491	8.7800010	350	70	
51.7033473	6.7247073	330	70	
51.7149296	6.6832582		70	
51.7153168	6.5152979		70	
51.7156112	7.8403456			
51.7195551	9.0159748	260	70	
51.7197249	8.8326409	270	70	
51.7201850	8.8343380	90	70	
51.7257924	8.3344531	0	70	
51.7304897	8.2598161			
51.7362526	7.1606794	265	50	
51.7389270	8.9491233	270	70	
51.7389882	7.5396064		60	
51.7397280	8.9551592	90	100	
51.7397546	7.5386409		60	
51.7407876	7.3286884		70	
51.7429008	6.3263646	270	50	
51.7431361	6.3275541			
51.7439033	7.0576766		60	
51.7492564	9.9318020		50	
51.7537516	8.6666024	130	70	
51.7539771	7.4300939		50	
51.7542148	6.6827915		70	
51.7547825	10.2156408	170	80	
51.7605508	10.5496296	160	70	
51.7608402	8.5686583	260	70	
51.7616612	9.9619749		50	
51.7627188	8.6043719	280	100	
51.7627516	8.6070124	120	100	
51.7629102	9.9607721		50	
51.7629968	8.5756791	80	70	
51.7664560	8.7725069		100	
51.7755188	6.4373517	120	70	
51.7878503	8.3205016		50	
51.7986164	7.6446223	70	70	
51.8026890	6.3683314		70	
51.8053284	7.7069947		100	
51.8083371	8.2988695			
51.8110677	8.3234065	45	70	
51.8113721	9.7347137	290	50	
51.8158359	6.8134941	240	70	
51.8169585	6.8140163	60	70	
51.8245809	6.8517076		70	
51.8257778	6.8514589		50	
51.8290213	10.1919934		70	
51.8295489	9.4315847	230	100	
51.8340723	8.3415966	110	50	
51.8352053	9.0778886			
51.8357772	7.8573171			
51.8431001	10.5311164		60	
51.8435118	10.5321319		60	
51.8445951	7.2364370		50	
51.8474370	6.5729317		70	
51.8474747	6.5743201		70	
51.8497942	7.2015377		50	
51.8513179	11.5744739		50	
51.8551609	7.0725877			
51.8553734	7.0740779	280	70	
51.8553982	7.0752401			
51.8563931	6.7095586		70	
51.8565654	6.7097879		70	
51.8609215	8.9322260	85	70	
51.8617055	8.9508902		70	
51.8625138	6.5676522		70	
51.8647449	10.0646947		50	
51.8663793	6.8041627	315	80	
51.8666185	10.1333813		70	
51.8666192	6.8119721	100	80	
51.8666367	7.3726698	70	50	
51.8695527	10.5597072	220	50	
51.8780116	9.7843416	310	70	
51.8797509	7.0508477		100	
51.8807286	7.4973801		70	
51.8876623	10.7685590		50	
51.8878562	10.5586451	350	60	
51.8997817	9.5968182	60	70	
51.9022844	7.6381485	350		
51.9026842	7.6380830	165		
51.9042293	8.3584925		70	
51.9074689	9.8582981		50	
51.9089674	10.5482318	290	80	
51.9102405	10.5538484			
51.9113596	9.8509700		70	
51.9134444	8.3690544		70	
51.9150613	8.1604051		70	
51.9176610	7.5600518		80	
51.9192562	7.4824263		70	
51.9199707	7.4811392			
51.9202296	10.4161900	100	60	
51.9202332	10.4161235	100	60	
51.9202374	10.4160398	100	60	
51.9278810	10.5012837		120	
51.9292865	10.3356291		100	
51.9373800	9.2348284	40	70	
51.9396766	7.2412648	100	70	
51.9398594	7.4410606		70	
51.9398974	7.4429528		70	
51.9411260	11.4075825	255		
51.9412114	11.4067599	85		
51.9522276	7.2650347		60	
51.9525063	7.6190137	10		
51.9526703	6.9837203	200	70	
51.9530698	6.9834752	20	70	
51.9561106	8.5810636		60	
51.9561640	7.6312916			
51.9619725	9.6024236			
51.9639950	7.6470117			
51.9641687	8.2024552	290	50	
51.9656415	6.8939467	225	100	
51.9666753	6.3119167		50	
51.9677478	9.8083524		50	
51.9693979	8.4630031			
51.9714707	6.8973047	15	100	
51.9781595	8.6154599		100	Bielefelder Berg
51.9781985	8.6157352		100	Bielefelder Berg
51.9782128	8.6154662		100	Bielefelder Berg
51.9782316	8.6154696		100	Bielefelder Berg
51.9782543	8.6157422		100	Bielefelder Berg
51.9782884	8.6154770		100	Bielefelder Berg
51.9795911	8.5048517			
51.9803322	8.5040403		60	
51.9807382	7.1456357	320	70	
51.9808151	8.4666244	260	50	
51.9837344	9.4554464			
51.9869973	8.9986415	120	70	
51.9884840	9.1367539	55	50	
51.9959173	8.5978581	82	50	
51.9974833	8.6098443	130	70	
52.0045434	8.5594973			
52.0090079	7.1268737		50	
52.0104464	9.7912737		50	
52.0105149	8.5120788	70	80	
52.0105473	8.5121310	70	80	
52.0107251	8.5127593	240	80	
52.0107623	8.5128188	240	80	
52.0107698	8.5124910	200	80	
52.0108127	8.5125601	200	80	
52.0108242	8.5125769	200	80	
52.0108646	8.5126384	200	80	
52.0108743	8.5126552	30	80	
52.0109121	8.5127116	30	80	
52.0109243	8.5127314	30	80	
52.0109637	8.5127944	30	80	
52.0109737	8.5128102	30	80	
52.0110052	8.5128608	30	80	
52.0112369	8.5132171	250	80	
52.0112755	8.5132784	250	80	
52.0116195	10.4070415	255	70	
52.0116291	10.4066381	80	70	
52.0161544	8.4466680	120		
52.0165826	8.3418620	185	70	
52.0171798	8.3414472	10	70	
52.0178709	8.5664446	30		
52.0194929	10.3303927	270	50	
52.0198303	10.3313952	90	50	
52.0222167	8.5529682	95		
52.0304570	8.5392828		60	
52.0306121	8.5383356	295	60	
52.0311395	7.2652553		70	
52.0321072	8.5331905	270	60	
52.0321107	8.5332516	270	60	
52.0321138	8.5333372	270	60	
52.0407607	8.6099129			
52.0410920	8.6078497			
52.0417992	8.5745635	240	50	
52.0449703	8.0407045		70	
52.0484142	8.7871372	135	70	
52.0518797	8.7609945	270	70	
52.0530047	8.5740562		50	
52.0530586	10.3767315		50	
52.0531694	8.5734835		50	
52.0533779	6.9492341			
52.0554185	8.6238317			
52.0587235	8.3465084		50	
52.0627213	9.7502883	180	70	
52.0627799	8.5646795		70	
52.0634191	10.3775713		60	
52.0650038	7.4362059		100	
52.0711501	8.3639528		70	
52.0719758	7.3119710	125	70	
52.0767768	10.7245230	320	70	
52.0774631	7.2949167	335	70	
52.0781526	9.7271411	280	50	
52.0836773	7.1172361		70	
52.0848047	7.6429494	340	70	
52.0848071	9.3430447	85	70	
52.0854587	9.1049929		50	
52.0884322	8.4272184	240	50	
52.0926122	8.1962926			
52.0975040	10.3666560		60	
52.1002434	7.3971034	130	100	
52.1049027	9.0944957	20	70	
52.1065096	10.1836982		60	
52.1080050	7.4835237	200	50	
52.1087971	7.4841899	65	50	
52.1174795	8.6763853	145	50	
52.1216785	8.7005412	120	50	
52.1240873	10.6486892			
52.1282420	8.6264191		30	
52.1286599	8.5634112	75	70	
52.1303337	8.6490281	230	70	
52.1310753	8.5136714		70	
52.1315737	8.8291518		50	
52.1316258	8.8292988		50	
52.1321089	8.6684560	300	50	
52.1352504	8.5791169	215	70	
52.1353606	8.1244004			Blitzer 70 km/H
52.1367814	8.6558203		50	
52.1369536	7.2238613	190	70	
52.1377352	7.2239615	10	70	
52.1378323	9.9415325		50	
52.1381801	9.9660820			
52.1382289	9.9661538			
52.1415779	8.8293779		70	
52.1424579	7.4212725	55	70	
52.1443397	8.6191384		30	
52.1446776	8.4892624		30	
52.1448532	9.7761877	270	50	
52.1451995	9.7786455		50	
52.1457562	10.4186270		60	
52.1460554	10.3272737	157	50	
52.1460711	10.3272518	290	50	
52.1460759	9.8126783	233	50	
52.1471068	8.7052323			
52.1471484	8.7054224			
52.1495740	8.6712954		50	
52.1497919	9.9681468			
52.1498017	9.9616496			
52.1500755	9.7381354	210	50	
52.1501078	9.9543423			
52.1507524	10.3580231		60	
52.1515106	10.3207233	110	50	
52.1515254	10.3207019	340	50	
52.1548450	9.9418925	260		
52.1551133	9.8145881	70	50	
52.1551138	9.9485226			
52.1559835	10.4234650		50	
52.1588016	8.7331939			
52.1592033	9.8675843			
52.1593057	9.8676083			
52.1611275	10.0102401			
52.1636145	9.4781396	110	50	
52.1640527	7.6450262	220	70	
52.1646337	7.9009993	200	50	
52.1651771	9.9643815		50	
52.1659063	7.0652182		70	
52.1666472	7.0637077		70	
52.1673384	9.0627605		50	
52.1740535	9.9521040	100	50	
52.1740725	9.9521593	240	50	
52.1770793	8.6575630	310		
52.1771340	8.6574476	130		
52.1778660	6.9730543		70	
52.1784652	7.2776150	130	70	
52.1830258	9.9668381		70	
52.1869062	8.8556373	160	70	
52.1876130	11.4087059	275		
52.1876156	11.4087928	275		
52.1877747	11.4085822	260		
52.1877771	11.4086683	260		
52.1877799	11.4086922	260		
52.1877830	11.4087801	260		
52.1922315	9.9222603		50	
52.1929245	7.0658898	60	70	
52.1942186	9.8874137		50	
52.1998842	8.7509023		50	
52.2011322	8.7536566		50	
52.2034476	8.6513430	320	70	
52.2054541	8.5653454		30	
52.2059200	6.8899852	335	50	
52.2063290	6.8803974		50	
52.2066501	6.8955823	15	50	
52.2076242	9.1025144	270	70	
52.2114541	8.8126048			
52.2136354	7.5064586	190	70	
52.2144118	9.1164987		50	
52.2149450	7.5064929	10	70	
52.2175872	6.9400208			
52.2183732	6.8734836			
52.2260706	8.8228000			
52.2265050	8.7049223	327	50	
52.2302354	9.2376538		50	
52.2307770	6.8691124	300	50	
52.2369225	9.0755894	285	70	
52.2376903	8.5351968		70	
52.2388305	9.0623270	135	70	
52.2425249	9.8679275		70	
52.2426017	10.5279307		50	
52.2426547	9.8681179		70	
52.2438527	10.5279210		50	
52.2472444	8.0620966	190	50	
52.2473196	10.0214900		50	
52.2483098	8.0616734	10		
52.2486848	8.0620439	190		
52.2508922	7.3191085	90	70	
52.2570010	9.0291832	140	70	
52.2574372	10.4231066			
52.2665089	8.6355180	185	50	
52.2672024	8.0535220			
52.2672895	8.0529480			
52.2695471	7.4083165		50	
52.2699071	8.9636670	195	70	
52.2720675	8.0407212		50	
52.2722571	8.0406261		50	
52.2722809	8.0408313		50	
52.2756182	8.9267338	150		
52.2773773	8.9662951		70	
52.2779554	8.9663561			
52.2784348	9.1119482	250	50	
52.2789919	9.1135856	65	50	
52.2798921	9.8770768		50	
52.2861028	7.4369610		50	
52.2884957	9.1504191	80	50	
52.2906263	9.1596014	240	50	
52.2908882	8.0366327		50	
52.2928189	9.1662349	250	50	
52.2947900	8.6183122		50	
52.2973656	9.7428914	330	30	
52.2977701	9.7426410	160	30	
52.2993262	7.4407463		50	
52.2999755	8.0355947	330	50	
52.3002462	10.5169536		50	
52.3005276	9.1824114	225		
52.3008292	10.5168091			
52.3015187	9.1833815	40		
52.3015288	8.0348812		50	
52.3066064	10.1699891	285	70	
52.3079904	10.7100310	80		
52.3079907	10.7101194	80		
52.3079912	10.7101412	80		
52.3079925	10.7102347	80		
52.3081692	10.7100241	100		
52.3081702	10.7101125	100		
52.3089886	10.6702397	280		
52.3089922	10.6701502	280		
52.3091634	10.6702480	260		
52.3091659	10.6701620	260		
52.3091674	10.6701331	260		
52.3091703	10.6700458	260		
52.3149313	9.6623356			
52.3224358	7.0668622		70	
52.3232445	10.4436466	315	50	
52.3268123	7.0661552		70	
52.3277681	10.4610219	300		
52.3277866	10.4609424	300		
52.3279325	10.4611269	285		
52.3279530	10.4610443	285		
52.3279588	10.4610217	285		
52.3279795	10.4609358	285		
52.3280934	10.4604610	125		
52.3281117	10.4603804	125		
52.3310003	9.4314012		50	
52.3321086	9.6378180		70	
52.3369826	7.1510853		70	
52.3383460	8.2125133	70	70	
52.3385169	10.3272691	270		
52.3385285	10.3273544	270		
52.3385770	10.3265241	90		
52.3385864	10.3266095	90		
52.3386439	10.3271119	240		
52.3386531	10.3271959	240		
52.3386590	10.3272241	240		
52.3386659	9.3893626		50	
52.3386688	10.3273112	240		
52.3392667	7.1492863		70	
52.3485317	8.6505261	85	50	
52.3491366	9.7586933		50	
52.3492429	8.7150782	290	50	
52.3498543	10.5358385		80	
52.3507433	9.7195375	195	40	
52.3510922	10.5367905		80	
52.3520111	9.2420376			
52.3521236	9.7193931		40	
52.3528409	9.6940848	40	50	
52.3529702	9.6945068	220	50	
52.3555752	6.6424386		50	
52.3566986	10.1853268	105		
52.3567208	10.1852464	105		
52.3567297	10.1852198	105		
52.3567519	10.1851405	105		
52.3568899	10.1853450	125		
52.3569124	10.1852633	125		
52.3584191	9.7229018			
52.3598271	6.5478032		80	
52.3598520	6.5466820		80	
52.3603016	9.4739934		50	
52.3617028	9.1382755	155	50	
52.3659229	9.7694774	285	50	
52.3661771	9.7267550	210	50	
52.3680837	8.9855753	190	70	
52.3689140	9.3818696		70	Speed trap
52.3692417	9.7320599	310	50	
52.3719623	9.6684776		30	
52.3742713	9.7281317	145	50	
52.3744100	10.4822362		50	
52.3752748	9.7509563		50	
52.3753505	9.8082047	0	50	
52.3768317	9.6978628	180	50	
52.3780848	10.3808384			
52.3786233	9.7218144	125	50	
52.3806554	8.7875213		70	
52.3810342	9.7268299	60	50	
52.3811279	9.7273397	250	50	
52.3818316	9.7382243	310	50	
52.3831749	9.7322050	15	50	
52.3838392	7.3160221	170	70	
52.3843189	9.6638985		50	
52.3846380	9.7339203		50	
52.3847999	9.7340282	205		
52.3872750	9.7098535		50	
52.3872994	9.7098924			
52.3882224	9.4578790	90	50	
52.3923223	8.5549984		70	
52.3924293	9.6902666			
52.3925048	9.6900829	280	50	
52.3926381	9.6897793	105	50	
52.3938586	10.6263790		50	
52.3946625	7.1032351	300	70	
52.3951560	7.1021422	130	70	
52.3952597	9.7626873	80		
52.3982943	10.2964966		50	
52.3991611	9.7359684	355		
52.3998143	9.3054443		50	
52.4008243	10.7535634	61		
52.4088602	8.0175880			Bramsche
52.4111252	9.5945707		50	
52.4117113	9.3448564		50	
52.4156059	9.6692971		50	
52.4156091	9.6692833		50	
52.4178098	9.7334857	330	50	
52.4178343	9.7336359	150	50	
52.4193889	9.3897060		50	
52.4208211	9.7328153	45	50	
52.4219030	10.5344065	190	70	
52.4220703	9.4163162		50	
52.4223332	7.0552092	45		
52.4226476	7.0557961	225		
52.4241337	9.4678917		50	
52.4247275	9.7819997			
52.4247975	10.7538058	85	60	
52.4261087	7.0362728		50	
52.4267106	7.0364957		50	
52.4271105	9.6208866		50	
52.4271346	9.6209279		50	
52.4271649	9.6209727		50	
52.4273036	10.7986576	20	50	
52.4273210	10.7988927	200	50	
52.4274988	10.7984865	110	50	
52.4277793	10.7967927	110		
52.4283415	9.4213943		50	
52.4289353	9.4645943		50	
52.4300425	7.4248761	150	70	
52.4300720	9.0547623	0	70	
52.4304957	7.4243536	330	70	
52.4310737	7.4236768	150	70	
52.4316039	7.4230486	325	70	
52.4342824	9.4594241		50	
52.4347581	10.4752649	300	100	
52.4352720	10.5838798		50	
52.4352856	10.5841234		50	
52.4367464	9.7531240	305	50	
52.4395327	9.6263064		30	
52.4406395	7.0729414	280		
52.4408500	7.0721796	110		
52.4409000	9.5619725		50	
52.4418942	9.4214970	190	50	
52.4420981	10.5729814			
52.4422202	7.3154246		80	
52.4456351	9.7998188		50	
52.4484611	9.5656950		70	
52.4491586	10.4299099			
52.4512161	10.3104894	180	50	
52.4533293	10.3084153	320	50	
52.4564902	8.6186428	190		
52.4590393	10.1324954	75	50	
52.4590404	10.1331774	256	50	
52.4614736	9.5348257		50	
52.4666439	10.5249350		100	
52.4681304	7.3571457		70	
52.4687069	10.6850872		50	
52.4690811	9.7911593		50	
52.4704879	10.6753553		50	
52.4786988	10.4655062		70	
52.4787158	10.4655230		70	
52.4812951	10.2817864	270	70	
52.4852565	10.5751723		70	
52.4897893	7.2373925		70	
52.4898248	7.2379323		70	
52.4934566	10.5420456	275	50	
52.4936471	10.5414636	100	50	
52.4962236	7.5471413		70	
52.4962601	10.7131525		50	
52.5035704	7.3235505	0	50	
52.5037248	7.3235790	170	50	
52.5041553	7.1775982		100	
52.5081042	7.1633796		100	
52.5169899	9.8604798		70	
52.5229067	7.3407805		30	
52.5233038	7.3410337	200	30	
52.5367503	6.9681074			
52.5447593	7.3509904	40	50	
52.5450006	7.3513734	220	50	
52.5459818	7.3519712	40	70	
52.5499075	6.9260858			
52.5501670	8.1674123	150	80	
52.5526037	10.0679761		100	
52.5528933	10.0682381		100	
52.5556558	7.9601306		50	
52.5595512	7.3625171	40		
52.5599530	7.3630805	220		
52.5643568	9.8440653	280	50	
52.5669359	9.8550732	10	50	
52.5702411	7.4959459	160	50	
52.5737649	10.9322062			
52.5761249	6.8907847			
52.5787884	7.5969683	180	100	
52.5818196	8.0055833	75	70	
52.5895706	9.1423738		50	
52.6008699	8.2176146		80	
52.6012902	8.2178979	40		
52.6059803	10.0740121			
52.6064798	10.0637853	285	50	
52.6078589	10.4840242	5	70	
52.6078841	10.4841587	180	70	
52.6090870	8.5883551		70	
52.6123751	8.4404700		50	
52.6312286	10.0811002	350	30	
52.6364652	9.8910772	305	100	
52.6539896	6.6551560		80	
52.6645506	7.1683887			
52.6659018	10.4671798		100	
52.6762397	10.1432708		70	
52.6775066	7.8659186		70	
52.6809481	8.8398986			
52.6811649	8.8889586		70	
52.6816293	7.5178323		70	
52.6822185	7.9452222		50	
52.7018939	7.4190390	290	70	
52.7059104	10.4781184		70	
52.7227062	7.2676600			
52.7248345	7.6900585	255	50	
52.7252270	7.6935243	90	50	
52.7305324	7.7250262		100	
52.7313273	6.4978594	230	50	
52.7320219	7.7331975		70	
52.7330328	10.6202391		70	
52.7349204	9.9754879	20	70	
52.7481130	9.9778857	190	70	
52.7499860	8.7015475		50	
52.7612499	6.8747559		50	
52.7621821	6.8750056	180	50	
52.7656573	8.3844861			
52.7876508	7.4651422			
52.7928562	9.9354134	190	70	
52.7955400	9.9374375	65	70	
52.8045173	6.9829535			
52.8073700	7.0111664	55		
52.8142300	7.4890816		70	
52.8184593	8.0939301		80	
52.8236064	7.9870985		80	
52.8244617	8.0829367		80	
52.8267511	8.9323907	140	70	
52.8269190	8.0007638		60	
52.8323653	10.4868826	175	70	
52.8331617	10.2890594			
52.8339407	9.2129584		70	
52.8375203	8.7118897		70	
52.8507933	7.9892081		70	
52.8511066	7.9747839		70	
52.8517862	10.2888931			
52.8616894	7.6398016	120	100	
52.8698673	9.0454242	50	70	
52.8883086	9.2207944		70	
52.8915543	10.9532077			
52.9065566	10.9181391		70	
52.9145457	11.1801911		50	
52.9149496	8.9758482		70	
52.9214085	10.8684023		100	
52.9313360	6.7596138	105	80	
52.9317238	10.7754805		70	
52.9331624	10.7668058	290	70	
52.9365089	10.7505800	300	50	
52.9388280	11.1737102			
52.9411700	11.1731202	355		
52.9477888	10.7271547		50	
52.9498848	8.7129242		50	
52.9570514	10.6281429	80	100	
52.9571748	10.6313271	260	100	
52.9676886	10.3960084			
52.9677356	10.3960536			
52.9689195	11.1686614			
52.9702630	10.5916863			
52.9703335	7.8176718		80	
52.9704302	10.5924601			
52.9727340	7.8171003		80	
52.9750182	8.9385088	5	50	
52.9811205	9.1756977		50	
52.9896833	7.3514197	355	70	
52.9929546	7.4503369	65	70	
52.9943068	6.5380112		50	
52.9952329	10.4892872	310	70	
52.9952544	10.4896430	140	70	
52.9984652	8.8728409		70	
53.0002429	9.5379012	130	70	
53.0003607	11.1787854			
53.0011429	10.8752682			
53.0011639	10.8773691			
53.0029561	7.3436804	170	70	
53.0033918	7.3430801	350	70	
53.0124559	11.1008371			
53.0133514	9.2751463		70	
53.0133872	9.2750677		70	
53.0140992	7.5812835	275	70	
53.0288377	11.4508176			
53.0288887	8.9305247	310		
53.0289272	8.9304007	310		
53.0290120	8.9304759		120	
53.0365326	8.6478171	155		
53.0365954	8.9121417	100		
53.0406964	11.3855860			
53.0410170	8.8407011		80	
53.0437259	8.6390352	160		
53.0464544	10.5379458			
53.0467626	8.8183562			
53.0475632	11.1746393		50	
53.0485706	8.8191969			
53.0491918	8.6093605	280		
53.0520440	8.6332096	0		
53.0531238	8.9619615	5		
53.0531787	8.6328616	335		
53.0534320	8.9622226	185		
53.0552722	8.7995369			
53.0556834	7.8560628	325	70	
53.0572269	8.7897200	320	50	
53.0574723	8.9638245	255		
53.0574764	8.9630486	65		
53.0577846	8.9664184	245		
53.0581091	10.4064862	350	50	
53.0608500	8.8791077	110	50	
53.0617424	8.7712465		60	
53.0629737	8.6185141	320		
53.0649723	8.6231046	10		
53.0652300	10.8893356			
53.0710322	8.8642185	280		
53.0712992	8.8638408	130		
53.0715434	8.9022902			
53.0715774	8.9017963			
53.0717849	8.8108340	270		
53.0719542	8.8109845	250		
53.0720303	8.8104765	105		
53.0735852	8.8060515	100		
53.0741807	10.5623333			
53.0765297	7.5224930	175	70	
53.0765788	9.1616428	148	70	
53.0777611	7.5225613	5	70	
53.0781630	8.8238108			
53.0788700	8.8248779			
53.0792427	8.8925281			
53.0793257	9.0163154	340	50	
53.0811184	8.8464795	80	50	
53.0811358	8.8309571			
53.0812122	8.8317704			
53.0824627	8.8902121	280	50	
53.0825335	8.8755298			
53.0827697	8.8378301			
53.0829136	8.8088282			
53.0832268	8.8084834			
53.0834828	11.0787270			
53.0859833	8.7903912			
53.0863173	8.7905999			
53.0892253	11.0680786			
53.0896406	9.3676327	215	70	
53.0896435	9.3676263	35	70	
53.0900772	8.0561215		60	
53.0931511	9.4561840		70	
53.0931645	9.4564439		70	
53.0931885	9.4567421		70	
53.0991706	10.5234999	170	50	
53.1019316	10.5218386	170	50	
53.1021249	8.7850148			
53.1024483	8.7849692			
53.1033292	11.1491500			
53.1034102	11.1492465			
53.1065913	11.0273474			
53.1117182	10.1763360			
53.1118294	10.1762831			
53.1183912	8.2585915	175	50	
53.1185776	9.2709216	275	70	
53.1242632	8.9001745			
53.1243383	8.2194346		50	
53.1300294	10.9613050	275	70	
53.1301586	10.9632273	120	70	
53.1316916	8.2223340	45		
53.1318360	8.2224431	140		
53.1352515	8.7155655			
53.1354843	8.7152896			
53.1385393	10.4850811			
53.1391346	8.2186772	168	50	
53.1410950	6.6268653		50	
53.1434194	8.7128582			
53.1435531	8.1931077	220		
53.1437701	8.7130348			
53.1462332	6.4565798		80	
53.1462832	8.2138391	10	50	
53.1465185	6.4551859		80	
53.1480377	6.4820148		50	
53.1489581	6.4847130		50	
53.1631359	6.3740873	260	50	
53.1659308	6.3658920	320	50	
53.1818764	11.2938366		50	
53.1837912	10.9299720			
53.1873313	6.5113826		80	
53.1934784	10.2015898		50	
53.2016230	9.5337842	220	70	
53.2016349	9.5338027	40	70	
53.2031364	8.4446350	150	50	
53.2062308	10.4107304		70	
53.2131116	6.5860384	316	50	
53.2188793	6.5791541	235		
53.2190372	9.0616155			
53.2209241	10.5674120		70	
53.2265526	6.5343135	0	70	
53.2273035	6.5336518			
53.2278974	10.1385340		50	
53.2431522	6.6537998		60	
53.2434711	6.8765946		70	
53.2456700	6.8762842		70	
53.2591249	9.2794673		50	
53.2611262	6.5801056	225	100	
53.2636792	10.4425100	170	80	
53.2651383	9.3126395		70	
53.2691290	9.6795172		50	
53.2692148	9.6793844		50	
53.2705655	9.5007479		50	
53.2741884	6.5361235		50	
53.2742377	10.4126419	270	100	
53.2750766	9.3001684	160	50	
53.2897811	9.4383965		70	
53.2898792	9.4384539		70	
53.2930516	6.5331685		50	
53.2980546	9.3754769		50	
53.2981567	9.3754218		50	
53.3026256	8.8237336			
53.3202232	9.7898472		30	
53.3202990	9.7897973		30	
53.3266638	11.3842049		60	
53.3277844	6.5133666		50	
53.3360205	7.2654745		50	
53.3366615	10.3102491			
53.3398990	7.2318692		30	
53.3422648	7.2249102		30	
53.3429387	7.7637115	185	50	
53.3439501	7.7632975	9	50	
53.3526131	9.0257778			
53.3535772	9.2266729			
53.3536033	9.2267843		50	
53.3537781	7.2200443		30	
53.3540969	11.5383861		70	
53.3554069	7.2192503	0	30	
53.3561252	8.6758510	0	70	
53.3645041	7.1720110			
53.3648725	7.1737504			
53.3649256	7.1723260			
53.3657304	7.1799453		50	
53.3667697	7.1900409		50	
53.3668699	7.1900128		50	
53.3683022	8.4475176	0	100	
53.3754350	10.6888708			
53.3766706	9.8034691		50	
53.3766751	9.8035579		50	
53.3792486	11.6000396			
53.3821838	9.8993500		50	
53.3861776	8.2768053	60	50	
53.3888837	9.6022082		50	
53.3947569	7.2084000	35	50	
53.3955434	7.2091605	220	50	
53.3984331	8.1154896		70	
53.3989871	9.0335337		50	
53.4179100	10.2706581		50	
53.4179473	10.2706430		50	
53.4236268	9.9808296		50	
53.4238032	8.8939464			
53.4248310	9.7885192		50	
53.4251486	9.7882863		50	
53.4253106	7.5436288		70	
53.4266427	7.5415514		70	
53.4360577	8.4631907	60	100	
53.4375166	9.6923485		50	
53.4399810	8.9967908		50	
53.4426515	7.4107030		50	
53.4471767	9.7571535		50	
53.4482761	9.6400234		70	
53.4600368	7.4932410		50	
53.4627838	9.7954427	80	50	
53.4653475	9.8033056		50	
53.4686383	8.7388408		50	
53.4700752	9.9595228	125	50	
53.4716626	9.8703149			
53.4723275	7.4833323		50	
53.4726816	7.4831225		50	
53.4785312	7.4875665	230	50	
53.4830710	11.4723153		50	
53.4838696	9.0481372			
53.4849800	7.1891878	215	50	
53.4851586	7.1891651	40	50	
53.5072580	9.5701991			
53.5074596	9.5703186			
53.5135409	9.9058180	85	50	
53.5157847	9.0628649			
53.5184052	8.5909706	0	50	
53.5184777	8.5910803		50	
53.5218992	8.0184008	130	100	
53.5263838	8.0627458		50	
53.5265416	8.1254062			
53.5281684	8.1133226	295		
53.5283764	8.0893737		50	
53.5286287	8.0933350			
53.5298968	8.6279602		30	
53.5302945	10.0249553		50	
53.5303370	10.0247455		50	
53.5317605	8.0923716		50	
53.5324894	9.2505639			
53.5360862	8.5882383	170		
53.5381200	9.7806267		50	
53.5381231	8.5896908		50	
53.5427256	9.3227598			
53.5439726	10.0205768		60	
53.5460125	9.7602126		50	
53.5462470	8.5740707		50	
53.5472445	9.4708921	20	70	
53.5473018	9.4710917	200	70	
53.5478458	9.9866699	125	50	
53.5503612	10.0648546		50	
53.5511673	7.9608222	140	100	
53.5528595	7.9559222	305	100	
53.5594470	10.0690869	50	50	
53.5605861	9.9580688	310	30	
53.5618485	9.9528927	130	30	
53.5654886	8.5952192		50	
53.5666488	10.0402371		50	
53.5708254	10.1245003	290		
53.5711817	9.8720440	110	50	
53.5726569	9.9417062	290	50	
53.5731635	10.0705103		50	
53.5742516	9.8351137		50	
53.5746412	8.5971342	210	50	
53.5787923	9.9360596		50	
53.5789719	7.9269403	335	100	
53.5820094	8.5926260		50	
53.5820199	8.6161051		50	
53.5836099	8.5984469		50	
53.5842736	8.6065501		50	
53.5843914	7.9109386		70	
53.5855296	7.8913326	260	100	
53.5862957	9.4584015	315	70	
53.5864528	7.9122410		70	
53.5866241	9.4581429	140	70	
53.5937238	9.9468114	250	50	
53.5943953	9.3798472			
53.5958688	10.1110312		50	
53.5965368	11.4277346		50	
53.5975829	10.0314537		50	
53.5977436	10.1411963			
53.5982683	11.4378470		50	
53.5988911	9.9699217	120	50	
53.5991603	9.9838128	15	50	
53.5997650	10.0120574	250	50	
53.5998530	11.4574288		60	
53.6001488	10.0151738	55	50	
53.6012241	9.8358009	315	50	
53.6015262	9.8356277	135	50	
53.6020781	9.9962678	85	50	
53.6035342	9.5190482		50	
53.6035759	9.5190351		50	
53.6112626	9.9564055	290	50	
53.6288690	11.3978982	15	50	
53.6443081	11.3854946			
53.6493562	9.9851688	120	50	
53.6493881	9.9851013	120	50	
53.6516250	9.8501163	310	50	
53.6516276	9.2065230			
53.6576044	11.1723523			
53.6617297	10.0017596	5	50	
53.6645629	11.2481203			
53.6673444	9.9032361	180	50	
53.6725377	9.9842995	55	50	
53.6770767	9.9684246		30	
53.6775261	8.6616793		70	
53.6776502	8.6616889		70	
53.6806517	10.0463785			
53.6819145	10.0445714			
53.6858168	10.0252537		30	
53.6873185	10.0043358	40	60	
53.6941034	10.0282391		50	
53.6971043	10.0495550			
53.6982111	11.5593834		50	
53.7031339	9.8300009	55	50	
53.7066857	10.0264171	330	50	
53.7068544	10.0261040	50	60	
53.7069936	10.0268488	235	60	
53.7071352	10.0263919	145	50	
53.7072664	9.1205221			
53.7142860	9.9795806		50	
53.7177632	11.3993295			
53.7205861	9.9812674		50	
53.7277994	11.4032848			
53.7521009	9.3262965	335	50	
53.7525479	9.3260589			
53.7624214	9.8357935		30	
53.7725558	9.8758774		50	
53.7836372	9.8015845	110	50	
53.7881836	9.7369740			
53.7917080	9.6908494	0	50	
53.8242613	9.2493789			
53.8510228	10.6857015	280	50	
53.8511750	10.6845470	110	50	
53.8513572	10.6878033	240		
53.8515308	10.6913338		50	
53.8515484	10.6971978		50	
53.8522939	10.7012499	335		
53.8546840	10.6383687	290		
53.8567665	10.7077596		50	
53.8637923	10.6935903	300	30	
53.8642153	10.9176819			Blitzer
53.8677760	10.9000056			Blitz
53.8701649	10.2551016		50	
53.8713863	9.8886202			
53.8715238	9.8886212		50	
53.8745516	10.7080194	350		
53.8752614	10.6642048	345		
53.8787286	10.6603725			
53.8789858	10.7087527	185	50	
53.8804413	11.0677713		50	
53.8823525	10.6568140	100		
53.8826656	10.6795139		50	
53.8858506	10.7019323		50	
53.9043615	11.1630886	10	60	
53.9102846	10.7886336	250	70	
53.9115989	10.7911830	70	70	
53.9131623	10.7970736		70	
53.9186084	10.1293857		50	
53.9336454	10.3092845	330	50	
53.9984535	10.7657795			
54.1686861	10.1596954	100	70	
54.1975396	9.1242903		50	
54.1975474	9.1247195		50	
54.1978040	9.1247906		50	
54.1978110	9.1243145		50	
